_id,id,name,type,createdAt,updatedAt,__v,factory,vendor_id,bjr
685235a15537ba05355fbf35,685224f87713868af777a715,VENDOR 1,2,Wed Jun 18 2025 10:42:25 GMT+0700 (Western Indonesia Time),Mon Sep 01 2025 16:50:44 GMT+0700 (Western Indonesia Time),0,686a5645bf73aa13b489ad36,,
6894bf63277238815ddbfe68,6894be0f7b7434aa493dc9f9,"SAWINDO KENCANA, PT",2,Thu Aug 07 2025 21:59:47 GMT+0700 (Western Indonesia Time),Mon Sep 01 2025 16:50:44 GMT+0700 (Western Indonesia Time),0,686a5645bf73aa13b489ad36,,
68954b06277238815ddc178e,6895489f4f25ce61e2d57e9d,"FATIH JAYA, CV",2,Fri Aug 08 2025 07:55:34 GMT+0700 (Western Indonesia Time),Mon Sep 01 2025 16:51:03 GMT+0700 (Western Indonesia Time),0,686a5645bf73aa13b489ad36,,
68955868277238815ddc17b5,6895564c4f25ce61e2d585fb,"ABISATYA GRAHA ENERGI, PT",2,Fri Aug 08 2025 08:52:40 GMT+0700 (Western Indonesia Time),Mon Sep 01 2025 16:51:03 GMT+0700 (Western Indonesia Time),0,686a5645bf73aa13b489ad36,,
68957427277238815ddc17f4,689573784f25ce61e2d58aea,"SUKIRLI, TN",2,Fri Aug 08 2025 10:51:03 GMT+0700 (Western Indonesia Time),Mon Sep 01 2025 16:51:03 GMT+0700 (Western Indonesia Time),0,686a5645bf73aa13b489ad36,,
68957c30277238815ddc180e,68957abd4f25ce61e2d58b72,KOPERASI BERKAH TANI MANDIRI,2,Fri Aug 08 2025 11:25:20 GMT+0700 (Western Indonesia Time),Mon Sep 01 2025 16:51:03 GMT+0700 (Western Indonesia Time),0,686a5645bf73aa13b489ad36,,
6895ad5c277238815ddc1839,6895a99ce8b36942e9509586,TBS PETALING,2,Fri Aug 08 2025 14:55:08 GMT+0700 (Western Indonesia Time),Mon Sep 01 2025 16:50:59 GMT+0700 (Western Indonesia Time),0,686a5645bf73aa13b489ad36,,
6895c7f9277238815ddc188c,6895c64fe8b36942e9509e89,TBS TANAH BAWAH,2,Fri Aug 08 2025 16:48:41 GMT+0700 (Western Indonesia Time),Mon Sep 01 2025 16:51:00 GMT+0700 (Western Indonesia Time),0,686a5645bf73aa13b489ad36,,
6896abd4277238815ddc31c8,6896a998e55d3af28aafca35,KKSR II,2,Sat Aug 09 2025 09:00:52 GMT+0700 (Western Indonesia Time),Mon Sep 01 2025 16:51:03 GMT+0700 (Western Indonesia Time),0,686a5645bf73aa13b489ad36,,
6899395f277238815ddc67ad,6897176087858754fa6ed9ca,TEST,2,Mon Aug 11 2025 07:29:19 GMT+0700 (Western Indonesia Time),Mon Dec 22 2025 15:30:54 GMT+0700 (Western Indonesia Time),0,686a5645bf73aa13b489ad36,6897176087858754fa6ed9ca,
689dc04f1e19953d8802eb42,689dbd138808ab3e6f4895d8,"ANDI PRATOMO, TN",2,Thu Aug 14 2025 17:54:07 GMT+0700 (Western Indonesia Time),Mon Sep 01 2025 16:50:53 GMT+0700 (Western Indonesia Time),0,686a5645bf73aa13b489ad36,,
68abe014a414925a2ad430ce,68abdcb367a0a59ab5a0eb97,KKSR,2,Mon Aug 25 2025 11:01:24 GMT+0700 (Western Indonesia Time),Mon Sep 01 2025 16:50:58 GMT+0700 (Western Indonesia Time),0,686a5645bf73aa13b489ad36,,
68b50905821b0bb0fd418e47,68b50774087ea52f71cdf83d,"BANGKA CITRA PERMAI, CV",2,Mon Sep 01 2025 09:46:29 GMT+0700 (Western Indonesia Time),Mon Sep 01 2025 16:51:03 GMT+0700 (Western Indonesia Time),0,686a5645bf73aa13b489ad36,,
6965d0e36dcc537bb84404f4,6965d0433cc8e6bb7c185f3f,test plasma1 agro1,2,Tue Jan 13 2026 11:58:11 GMT+0700 (Western Indonesia Time),Tue Jan 13 2026 11:58:11 GMT+0700 (Western Indonesia Time),0,686a5645bf73aa13b489ad36,6965d0433cc8e6bb7c185f3f,
6965e0616dcc537bb8440578,692a4caa17f3773be74a39c6,tes eksternal,2,Tue Jan 13 2026 13:04:17 GMT+0700 (Western Indonesia Time),Tue Jan 13 2026 13:04:17 GMT+0700 (Western Indonesia Time),0,686a5645bf73aa13b489ad36,692a4caa17f3773be74a39c6,
6976f404e878dccbb2f95165,696de2c9a034b3f02061846c,PT. INDODACIN PRESISI UTAMA,2,Mon Jan 26 2026 11:56:36 GMT+0700 (Western Indonesia Time),Mon Jan 26 2026 11:56:36 GMT+0700 (Western Indonesia Time),0,686a5645bf73aa13b489ad36,696de2c9a034b3f02061846c,
6976fbf3e878dccbb2f9519a,696de2c9a034b3f020618588,PERKUMPULAN KELOMPOK SUKAJAYA BERKAH,2,Mon Jan 26 2026 12:30:27 GMT+0700 (Western Indonesia Time),Mon Jan 26 2026 12:30:27 GMT+0700 (Western Indonesia Time),0,686a5645bf73aa13b489ad36,696de2c9a034b3f020618588,
69772048e878dccbb2f95283,696de2c9a034b3f02061849a,KOPERASI SEGAR TANI / SUYATNO,2,Mon Jan 26 2026 15:05:28 GMT+0700 (Western Indonesia Time),Mon Jan 26 2026 15:05:28 GMT+0700 (Western Indonesia Time),0,686a5645bf73aa13b489ad36,696de2c9a034b3f02061849a,
6979cc40e878dccbb2f96167,696de2c9a034b3f02061856e,PERKUMPULAN KELOMPOK WONOREJO MUSI BANYUASIN,2,Wed Jan 28 2026 15:43:44 GMT+0700 (Western Indonesia Time),Wed Jan 28 2026 15:43:44 GMT+0700 (Western Indonesia Time),0,686a5645bf73aa13b489ad36,696de2c9a034b3f02061856e,
69805f4eba1953cce0580654,696de2c9a034b3f02061857c,PERKUMPULAN KELOMPOK BAYAT ILIR,2,Mon Feb 02 2026 15:24:46 GMT+0700 (Western Indonesia Time),Mon Feb 02 2026 15:24:46 GMT+0700 (Western Indonesia Time),0,686a5645bf73aa13b489ad36,696de2c9a034b3f02061857c,
69819132ba1953cce0580eee,696dd15305261b1f210424c4,PT. INDODACIN PRESISI UTAMA,2,Tue Feb 03 2026 13:09:54 GMT+0700 (Western Indonesia Time),Tue Feb 03 2026 13:09:54 GMT+0700 (Western Indonesia Time),0,686a5645bf73aa13b489ad36,696dd15305261b1f210424c4,
69819309ba1953cce0580f0d,696dd15305261b1f210424f2,KOPERASI SEGAR TANI / SUYATNO,2,Tue Feb 03 2026 13:17:45 GMT+0700 (Western Indonesia Time),Tue Feb 03 2026 13:17:45 GMT+0700 (Western Indonesia Time),0,686a5645bf73aa13b489ad36,696dd15305261b1f210424f2,
6981a2bcba1953cce0581029,696dd15305261b1f210425d8,PERKUMPULAN KELOMPOK TELANG BERKAH LESTARI,2,Tue Feb 03 2026 14:24:44 GMT+0700 (Western Indonesia Time),Tue Feb 03 2026 14:24:44 GMT+0700 (Western Indonesia Time),0,686a5645bf73aa13b489ad36,696dd15305261b1f210425d8,
69a0039da3dda5b6cfc043a4,699c23d1cb28ae6d27110af1,TBS,2,Thu Feb 26 2026 15:26:05 GMT+0700 (Western Indonesia Time),Thu Feb 26 2026 15:26:05 GMT+0700 (Western Indonesia Time),0,686a5645bf73aa13b489ad36,699c23d1cb28ae6d27110af1,
69a4eb58a3dda5b6cfc069b8,69a4ea4e30f8a2441f52e7bc,TBS TEMPILANG,2,Mon Mar 02 2026 08:43:52 GMT+0700 (Western Indonesia Time),Mon Mar 02 2026 08:43:52 GMT+0700 (Western Indonesia Time),0,686a5645bf73aa13b489ad36,69a4ea4e30f8a2441f52e7bc,
69a5235aa3dda5b6cfc06bab,699bc0f75cea5e1b345564b0,TBS,2,Mon Mar 02 2026 12:42:50 GMT+0700 (Western Indonesia Time),Mon Mar 02 2026 12:42:50 GMT+0700 (Western Indonesia Time),0,686a5645bf73aa13b489ad36,699bc0f75cea5e1b345564b0,
69a7740ca3dda5b6cfc07df7,6836a261aa5553c7ce5e01cd,A VENDOR TEST,2,Wed Mar 04 2026 06:51:40 GMT+0700 (Western Indonesia Time),Wed Mar 04 2026 06:51:40 GMT+0700 (Western Indonesia Time),0,686a5645bf73aa13b489ad36,6836a261aa5553c7ce5e01cd,
69a79683a3dda5b6cfc082d5,699c23d1cb28ae6d27110ccb,CV. SAWIT MAS RBT,2,Wed Mar 04 2026 09:18:43 GMT+0700 (Western Indonesia Time),Wed Mar 04 2026 09:18:43 GMT+0700 (Western Indonesia Time),0,686a5645bf73aa13b489ad36,699c23d1cb28ae6d27110ccb,
69a7f97da3dda5b6cfc0852b,699bc0f75cea5e1b3455668a,CV. SAWIT MAS RBT,2,Wed Mar 04 2026 16:21:01 GMT+0700 (Western Indonesia Time),Wed Mar 04 2026 16:21:01 GMT+0700 (Western Indonesia Time),0,686a5645bf73aa13b489ad36,699bc0f75cea5e1b3455668a,
69abeeada3dda5b6cfc0a533,69a28ccbeee37cff1cdac660,AGUNG RILLO P,2,Sat Mar 07 2026 16:23:57 GMT+0700 (Western Indonesia Time),Sat Mar 07 2026 16:23:57 GMT+0700 (Western Indonesia Time),0,686a5645bf73aa13b489ad36,69a28ccbeee37cff1cdac660,
69b0ed8ea3dda5b6cfc0efa4,69a28ccaeee37cff1cdac517,AAN KHOLISTIYAN DHANI,2,Wed Mar 11 2026 11:20:30 GMT+0700 (Western Indonesia Time),Wed Mar 11 2026 11:20:30 GMT+0700 (Western Indonesia Time),0,686a5645bf73aa13b489ad36,69a28ccaeee37cff1cdac517,
69b0ed8ea3dda5b6cfc0efa5,69a28ccbeee37cff1cdac619,CV. KILAU 21,2,Wed Mar 11 2026 11:20:30 GMT+0700 (Western Indonesia Time),Wed Mar 11 2026 11:20:30 GMT+0700 (Western Indonesia Time),0,686a5645bf73aa13b489ad36,69a28ccbeee37cff1cdac619,
69b0ed90a3dda5b6cfc0efa6,69a28ccbeee37cff1cdac64c,AL AMIN,2,Wed Mar 11 2026 11:20:32 GMT+0700 (Western Indonesia Time),Wed Mar 11 2026 11:20:32 GMT+0700 (Western Indonesia Time),0,686a5645bf73aa13b489ad36,69a28ccbeee37cff1cdac64c,
69ccdce61f2f58640de7d861,69ccd0ff67cd87e8e97bae7f,TEST Vendor 02,2,Wed Apr 01 2026 15:52:54 GMT+0700 (Western Indonesia Time),Wed Apr 01 2026 15:52:54 GMT+0700 (Western Indonesia Time),0,686a5645bf73aa13b489ad36,69ccd0ff67cd87e8e97bae7f,
69dc68cc0fae75e63a07f44e,69cdcee02591dee546abac22,tes vendor 02,2,Mon Apr 13 2026 10:53:48 GMT+0700 (Western Indonesia Time),Mon Apr 13 2026 10:53:48 GMT+0700 (Western Indonesia Time),0,686a5645bf73aa13b489ad36,69cdcee02591dee546abac22,
69e34bb70fae75e63a08df8c,69a6a4f504cb575abf36c2b2,AAM AMIR HAMZAH (AMIN CCTV JAMBI),2,Sat Apr 18 2026 16:15:35 GMT+0700 (Western Indonesia Time),Sat Apr 18 2026 16:15:35 GMT+0700 (Western Indonesia Time),0,686a5645bf73aa13b489ad36,69a6a4f504cb575abf36c2b2,
69f7167a2eb49f3a32b56635,69f7166062511b62d289969b,"FATIH JAYA, CV",2,Sun May 03 2026 16:33:46 GMT+0700 (Western Indonesia Time),Sun May 03 2026 16:33:46 GMT+0700 (Western Indonesia Time),0,686a5645bf73aa13b489ad36,69f7166062511b62d289969b,
69f7f2122eb49f3a32b59d10,69f7f0d81547d67be1c13c48,"ABISATYA GRAHA ENERGI, PT",2,Mon May 04 2026 08:10:42 GMT+0700 (Western Indonesia Time),Mon May 04 2026 08:10:42 GMT+0700 (Western Indonesia Time),0,686a5645bf73aa13b489ad36,69f7f0d81547d67be1c13c48,
69f7f3452eb49f3a32b59ee0,69f7f2441547d67be1c13cf2,KOPERASI BERKAH TANI MANDIRI,2,Mon May 04 2026 08:15:49 GMT+0700 (Western Indonesia Time),Mon May 04 2026 08:15:49 GMT+0700 (Western Indonesia Time),0,686a5645bf73aa13b489ad36,69f7f2441547d67be1c13cf2,
69f7f5502eb49f3a32b5a1c8,691725270995e3ee3ea8d3e4,vendortest,2,Mon May 04 2026 08:24:32 GMT+0700 (Western Indonesia Time),Mon May 04 2026 08:24:32 GMT+0700 (Western Indonesia Time),0,686a5645bf73aa13b489ad36,691725270995e3ee3ea8d3e4,
69f7fd332eb49f3a32b5aa88,69f7fadd1547d67be1c14068,"BANGKA CITRA PERMAI, CV",2,Mon May 04 2026 08:58:11 GMT+0700 (Western Indonesia Time),Mon May 04 2026 08:58:11 GMT+0700 (Western Indonesia Time),0,686a5645bf73aa13b489ad36,69f7fadd1547d67be1c14068,
69f802262eb49f3a32b5aee8,69f800721547d67be1c1426d,TBS TEMPILANG,2,Mon May 04 2026 09:19:18 GMT+0700 (Western Indonesia Time),Mon May 04 2026 09:19:18 GMT+0700 (Western Indonesia Time),0,686a5645bf73aa13b489ad36,69f800721547d67be1c1426d,
69fad0a6dd3213b310359592,69fab264b3e0d113b6221ef2,"SUKIRLI, TN",2,Wed May 06 2026 12:24:46 GMT+0700 (Western Indonesia Time),Wed May 06 2026 12:24:46 GMT+0700 (Western Indonesia Time),0,686a5645bf73aa13b489ad36,69fab264b3e0d113b6221ef2,
6a0c19e2bb3a402c94d524de,6a05b07fafcfcd7ba1423dc9,test vendor,2,Tue May 19 2026 15:05:54 GMT+0700 (Western Indonesia Time),Tue May 19 2026 15:05:54 GMT+0700 (Western Indonesia Time),0,686a5645bf73aa13b489ad36,6a05b07fafcfcd7ba1423dc9,
6a0e9b53e918b847425cc07b,698c31ec937bc7edde63c352,tes inti,1,Thu May 21 2026 12:42:43 GMT+0700 (Western Indonesia Time),Thu May 21 2026 12:42:43 GMT+0700 (Western Indonesia Time),0,686a5645bf73aa13b489ad36,698c31ec937bc7edde63c352,
6a0e9b5ce918b847425cc081,699eb9931ad568e6d20c0e73,AGUS PRIYONO,2,Thu May 21 2026 12:42:52 GMT+0700 (Western Indonesia Time),Thu May 21 2026 12:42:52 GMT+0700 (Western Indonesia Time),0,686a5645bf73aa13b489ad36,699eb9931ad568e6d20c0e73,
6a0e9ce9e918b847425cc150,699eb9931ad568e6d20c1037,PT. TESLA MEGA POWERINDO,2,Thu May 21 2026 12:49:29 GMT+0700 (Western Indonesia Time),Thu May 21 2026 12:49:29 GMT+0700 (Western Indonesia Time),0,686a5645bf73aa13b489ad36,699eb9931ad568e6d20c1037,
6a1532a07b17fcd23ff6070e,698c31fb937bc7edde63c354,tes eksternal,2,Tue May 26 2026 12:41:52 GMT+0700 (Western Indonesia Time),Tue May 26 2026 12:41:52 GMT+0700 (Western Indonesia Time),0,686a5645bf73aa13b489ad36,698c31fb937bc7edde63c354,
6a157b6d7b17fcd23ff63f34,69958e1c919067fe28e822e2,SBRX,3,Tue May 26 2026 17:52:29 GMT+0700 (Western Indonesia Time),Tue May 26 2026 17:52:29 GMT+0700 (Western Indonesia Time),0,686a5645bf73aa13b489ad36,69958e1c919067fe28e822e2,
6a180e787b17fcd23ff70e0b,699eb9931ad568e6d20c0fd7,AGUNG RILLO P,2,Thu May 28 2026 16:44:24 GMT+0700 (Western Indonesia Time),Thu May 28 2026 16:44:24 GMT+0700 (Western Indonesia Time),0,686a5645bf73aa13b489ad36,699eb9931ad568e6d20c0fd7,
6a2019627b17fcd23ffa36ef,69cdced72591dee546abac21,tes vendor 01,1,Wed Jun 03 2026 19:09:06 GMT+0700 (Western Indonesia Time),Wed Jun 03 2026 19:09:06 GMT+0700 (Western Indonesia Time),0,686a5645bf73aa13b489ad36,69cdced72591dee546abac21,
6a226c281d8b08390ee69a4c,6a1fbe4253ce7c3a90902123,test vendor,2,Fri Jun 05 2026 13:26:48 GMT+0700 (Western Indonesia Time),Fri Jun 05 2026 13:26:48 GMT+0700 (Western Indonesia Time),0,686a5645bf73aa13b489ad36,6a1fbe4253ce7c3a90902123,
6a24da591d8b08390ee7cd7c,6936975f7ea8a6c7488ba752,STKA,1,Sun Jun 07 2026 09:41:29 GMT+0700 (Western Indonesia Time),Sun Jun 07 2026 09:41:29 GMT+0700 (Western Indonesia Time),0,686a5645bf73aa13b489ad36,6936975f7ea8a6c7488ba752,
6a28d5cd1d8b08390ee925a5,683bebbabda9306ff0b7940a,(SAP)PNMX96101,2,Wed Jun 10 2026 10:11:09 GMT+0700 (Western Indonesia Time),Wed Jun 10 2026 10:11:09 GMT+0700 (Western Indonesia Time),0,686a5645bf73aa13b489ad36,683bebbabda9306ff0b7940a,
6a2a3d007f95fb89c30ba2e1,6a05b07fafcfcd7ba1423dc9,MASM - test vendor plasma,2,Thu Jun 11 2026 11:43:44 GMT+0700 (Western Indonesia Time),Thu Jun 11 2026 11:43:44 GMT+0700 (Western Indonesia Time),0,686a5645bf73aa13b489ad36,6a05b07fafcfcd7ba1423dc9,
6a2f82697f95fb89c30cc956,69a6a4f504cb575abf36c302,CV. DANAU RAKIHAN ULDA,2,Mon Jun 15 2026 11:41:13 GMT+0700 (Western Indonesia Time),Mon Jun 15 2026 11:41:13 GMT+0700 (Western Indonesia Time),0,686a5645bf73aa13b489ad36,69a6a4f504cb575abf36c302,
6a2fc9cc7f95fb89c30cd900,69a6a4f504cb575abf36c30e,PT. CIPTA TUNGGAL ASRI,2,Mon Jun 15 2026 16:45:48 GMT+0700 (Western Indonesia Time),Mon Jun 15 2026 16:45:48 GMT+0700 (Western Indonesia Time),0,686a5645bf73aa13b489ad36,69a6a4f504cb575abf36c30e,
6a32137b7f95fb89c30d7db0,699c23d1cb28ae6d27110d01,CV. JAWARA MATA MERAH,2,Wed Jun 17 2026 10:24:43 GMT+0700 (Western Indonesia Time),Wed Jun 17 2026 10:24:43 GMT+0700 (Western Indonesia Time),0,686a5645bf73aa13b489ad36,699c23d1cb28ae6d27110d01,
6a32310b7f95fb89c30d97eb,6a2f674b51ad8bb2e9e89918,KARO TELU SEMBUYAK CV.,2,Wed Jun 17 2026 12:30:51 GMT+0700 (Western Indonesia Time),Wed Jun 17 2026 12:30:51 GMT+0700 (Western Indonesia Time),0,686a5645bf73aa13b489ad36,6a2f674b51ad8bb2e9e89918,
6a3a023e35f66976428139e0,69e87c90266bf6f0d219629d,CV. GHANI AGRO SENTOSA - PL A,2,Tue Jun 23 2026 10:49:18 GMT+0700 (Western Indonesia Time),Tue Jun 23 2026 10:49:18 GMT+0700 (Western Indonesia Time),0,686a5645bf73aa13b489ad36,69e87c90266bf6f0d219629d,
6a3ba55d35f669764281fb90,699c23d1cb28ae6d27110bc9,PERKUMPULAN KELOMPOK SUKAJAYA BERKAH,1,Wed Jun 24 2026 16:37:33 GMT+0700 (Western Indonesia Time),Wed Jun 24 2026 16:37:33 GMT+0700 (Western Indonesia Time),0,686a5645bf73aa13b489ad36,699c23d1cb28ae6d27110bc9,
6a3baa1535f669764281fd08,6a3ba7e955d8bf00b62d554b,"ANDI PRATOMO, TN",2,Wed Jun 24 2026 16:57:41 GMT+0700 (Western Indonesia Time),Wed Jun 24 2026 16:57:41 GMT+0700 (Western Indonesia Time),0,686a5645bf73aa13b489ad36,6a3ba7e955d8bf00b62d554b,
6a3caeb335f669764282436f,699c23d1cb28ae6d27110bb9,PERKUMPULAN KELOMPOK SENAWAR JAYA,2,Thu Jun 25 2026 11:29:39 GMT+0700 (Western Indonesia Time),Thu Jun 25 2026 11:29:39 GMT+0700 (Western Indonesia Time),0,686a5645bf73aa13b489ad36,699c23d1cb28ae6d27110bb9,
6a3cfffb35f66976428273f8,69e87c90266bf6f0d219629b,CV. GHANI AGRO SENTOSA,2,Thu Jun 25 2026 17:16:27 GMT+0700 (Western Indonesia Time),Thu Jun 25 2026 17:16:27 GMT+0700 (Western Indonesia Time),0,686a5645bf73aa13b489ad36,69e87c90266bf6f0d219629b,
6a43755435f6697642841eaa,69f025cc0bfc7446a6cf4c1b,CV. SAWIT MAS RBT - B,2,Tue Jun 30 2026 14:50:44 GMT+0700 (Western Indonesia Time),Tue Jun 30 2026 14:50:44 GMT+0700 (Western Indonesia Time),0,686a5645bf73aa13b489ad36,69f025cc0bfc7446a6cf4c1b,
6a43755635f6697642841eaf,699c23d1cb28ae6d27110bc3,PERKUMPULAN KELOMPOK MUARABAHAR PALM SEJAHTERA,2,Tue Jun 30 2026 14:50:46 GMT+0700 (Western Indonesia Time),Tue Jun 30 2026 14:50:46 GMT+0700 (Western Indonesia Time),0,686a5645bf73aa13b489ad36,699c23d1cb28ae6d27110bc3,
6a473cd757d47a417494c975,699c23d1cb28ae6d27110d0b,CV. FORTUNE HARVEST ABADI,2,Fri Jul 03 2026 11:38:46 GMT+0700 (Western Indonesia Time),Fri Jul 03 2026 11:38:46 GMT+0700 (Western Indonesia Time),0,686a5645bf73aa13b489ad36,699c23d1cb28ae6d27110d0b,